W31105,7
W31106,15
W31107,3
W31108,15
W31109,3
W31110,15
W31111,4
W31113,2
W31114,3
W31115,2
W31116,2
W31117,17
W31118,14
W31119,13
W31120,3
W31121,7
W31122,3
W31123,3
W31124,2
W31125,8
W31126,3
W31127,9
W31128,8
W31129,10
W31130,15
W31131,16
W31132,4
W31133,13
W31134,17
W31136,3
W31137,2
W31138,3
W31139,5
W31140,3
W31141,13
W31142,1
W31143,3
W31144,6
W31145,15
W31146,3
W31147,3
W31148,14
W31149,19
W31150,12
W31151,3
W31152,14
W31153,6
W31154,4
W31155,7
W31156,2
W31157,13
W31158,14
W31159,6
W31160,18
W31161,4
W31162,3
W31163,3
W31164,14
W31165,2
W31166,13
W31167,2
W31168,13
W31169,13
W31170,14
W31171,7
W31172,7
W31173,7
W31174,10
W31175,12
W31176,6
W31177,5
W31178,5
W31179,14
W31180,4
W31181,16
W31182,16
W31183,3
W31184,2
W31185,6
W31186,13
W31187,13
W31188,10
W31189,14
W31190,5
W31191,7
W31192,7
W31193,5
W31194,6
W31195,2
W31196,10
W31197,10
W31198,2
W31199,7
W31200,6
W31201,7
W31202,14
W31203,16
W31204,10
W31205,3
W31206,3
W31207,13
W31209,1
W31210,14
W31211,15
W31212,2
W31213,5
W31214,2
W31215,5
W31217,3
W31218,14
W31219,10
W31220,2
W31221,7
W31222,4
W31223,9
W31224,7
W31225,3
W31226,16
W31227,11
W31228,10
W31229,6
W31230,3
W31231,2
W31232,5
W31233,2
W31234,2
W31236,5
W31237,14
W31238,5
W31239,14
W31240,3
W31241,2
W31242,16
W31243,2
W31244,13
W31245,16
W31246,2
W31247,3
W31248,3
W31249,14
W31250,5
W31251,16
W31252,14
W31253,14
W31254,13
W31255,3
W31256,14
W31257,7
W31259,14
W31260,10
W31262,2
W31263,14
W31264,15
W31265,14
W31266,16
W31267,10
W31268,7
W31269,5
W31270,16
W31271,2
W31272,16
W31273,14
W31274,10
W31275,16
W31276,8
W31277,7
W31278,14
W31279,7
W31280,2
W31281,14
W31282,14
W31283,4
W31284,5
W31285,14
W31286,14
W31287,10
W31288,6
W31289,5
W31290,14
W31291,3
W31292,5
W31293,15
W31294,5
W31295,14
W31296,16
W31297,8
W31298,3
W31299,14
W31300,12
W31301,14
W31302,3
W31303,5
W31305,16
W31306,15
W31307,13
W31309,5
W31310,3
W31311,13
W31312,12
W31313,8
W31314,7
W31315,6
W31316,2
W31317,3
W31318,3
W31319,15
W31321,3
W31322,3
W31323,3
W31324,8
W31325,2
W31326,2
W31327,14
W31328,3
W31329,15
W31330,14
W31331,7
W31332,15
W31333,3
W31334,3
W31335,13
W31336,15
W31337,3
W31338,15
W31339,13
W31340,3
W31341,15
W31342,15
W31343,13
W31344,19
W31345,4
W31346,3
W31347,14
W31348,4
W31349,6
W31350,16
W31351,14
W31353,3
W31354,17
W31355,15
W31356,4
W31357,3
W31358,6
W31359,14
W31360,3
W31361,16
W31362,14
W31363,15
W31364,7
W31365,13
W31366,15
W31367,14
W31368,3
W31369,2
W31370,2
W31371,14
W31372,2
W31373,13
W31374,2
W31375,3
W31376,13
W31377,12
W31378,2
W31379,10
W31380,5
W31381,13
W31382,3
W31383,9
W31386,15
W31387,2
W31388,10
W31389,5
W31390,5
W31391,2
W31392,14
W31393,13
W31394,2
W31395,14
W31396,16
W31397,12
W31398,14
W31399,14
W31401,3
W31402,14
W31403,13
W31405,12
W31406,5
W31407,10
W31409,14
W31410,4
W31411,15
W31412,11
W31413,3
W31414,4
W31415,4
W31416,4
W31418,4
W31419,5
W31420,1
W31421,16
W31422,14
W31423,2
W31424,5
W31425,15
W31426,5
W31427,2
W31428,5
W31429,1
W31430,7
W31431,2
W31432,14
W31433,10
W31434,2
W31436,14
W31437,6
W31439,9
W31440,3
W31441,2
W31442,3
W31443,12
W31444,2
W31445,18
W31446,5
W31447,3
W31448,15
W31451,14
W31452,2
W31453,6
W31454,14
W31455,2
W31456,5
W31457,12
W31458,7
W31459,17
W31460,14
W31461,2
W31462,5
W31463,2
W31464,14
W31465,13
W31466,15
W31467,2
W31468,13
W31469,16
W31470,5
W31471,14
W31472,16
W31473,14
W31474,16
W31475,14
W31476,8
W31477,10
W31478,14
W31479,5
W31480,7
W31481,2
W31483,14
W31484,13
W31485,2
W31486,5
W31487,14
W31489,14
W31491,9
W31492,4
W31493,10
W31494,13
W31495,10
W31497,7
W31498,10
W31499,3
W31500,2
W31501,14
W31502,10
W31503,15
W31504,13
W31505,7
W31506,6
W31507,7
W31508,5
W31509,14
W31510,13
W31511,10
W31512,7
W31513,3
W31514,7
W31515,13
W31516,1
W31517,14
W31518,13
W31519,10
W31520,9
W31521,3
W31522,13
W31523,2
W31524,13
W31525,2
W31526,6
W31527,6
W31528,13
W31529,3
W31530,13
W31531,11
W31532,14
W31533,10
W31534,8
W31535,9
W31536,2
W31537,13
W31538,14
W31539,13
W31540,14
W31541,5
W31542,14
W31543,5
W31544,13
W31545,12
W31546,16
W31547,11
W31548,13
W31549,13
W31550,2
W31551,2
W31552,14
W31553,7
W31554,4
W31555,6
W31556,13
W31558,14
W31559,14
W31560,6
W31562,12
W31563,6
W31564,14
W31565,2
W31566,13
W31567,13
W31568,14
W31569,7
W31570,7
W31571,15
W31572,5
W31573,5
W31575,5
W31576,5
W31577,15
W31578,1
W31580,13
W31581,10
W31583,12
W31586,4
W31587,7
W31588,15
W31589,19
W31590,13
W31591,13
W31593,3
W31594,3
W31595,15
W31596,16
W31597,13
W31598,2
W31599,15
W31600,17
W31601,15
W31602,13
W31603,16
W31604,6
W31605,5
W31606,15
W31607,9
W31608,13
W31609,15
W31611,13
W31613,6
W31614,7
W31615,12
W31617,15
W31618,2
W31620,13
W31621,10
W31622,14
W31623,14
W31624,14
W31625,15
W31626,5
W31628,16
W31629,5
W31630,14
W31631,13
W31632,15
W31634,2
W31635,2
W31636,2
W31638,13
W31639,13
W31640,5
W31641,5
W31642,9
W31644,14
W31645,7
W31646,14
W31647,11
W31648,16
W31649,2
W31650,2
W31651,10
W31652,8
W31653,2
W31654,5
W31655,13
W31656,13
W31657,12
W31658,7
W31659,7
W31660,13
W31661,6
W31662,5
W31663,16
W31664,14
W31665,13
W31666,2
W31667,14
W31668,5
W31669,7
W31670,10
W31671,19
W31674,14
W31676,4
W31678,14
W31681,12
W31682,9
W31683,15
W31684,17
W31685,7
W31686,16
W31687,13
W31689,3
W31690,15
W31691,3
W31692,7
W31693,8
W31694,19
W31695,3
W31696,13
W31697,9
W31698,3
W31699,3
W31700,2
W31701,16
W31702,14
W31703,16
W31704,6
W31705,14
W31706,5
W31707,14
W31708,14
W31709,19
W31711,15
W31712,13
W31713,14
W31714,13
W31715,17
W31716,14
W31717,1
W31718,2
W31719,5
W31720,6
W31721,15
W31722,10
W31723,6
W31724,10
W31725,7
W31726,14
W31727,13
W31728,2
W31729,14
W31730,14
W31731,6
W31732,13
W31733,14
W31734,14
W31735,2
W31736,6
W31737,13
W31738,10
W31739,15
W31740,16
W31741,10
W31742,1
W31743,14
W31744,12
W31745,10
W31746,12
W31748,16
W31749,10
W31750,13
W31751,16
W31752,6
W31755,5
W31756,10
W31758,13
W31759,19
W31760,14
W31761,5
W31762,13
W31764,13
W31765,13
W31766,19
W31767,13
W31768,4
W31771,12
W31773,10
W31774,11
W31775,1
W31776,19
W31777,3
W31778,6
W31779,6
W31780,2
W31781,2
W31782,13
W31783,3
W31785,15
W31786,2
W31787,10
W31788,5
W31789,13
W31791,9
W31792,9
W31793,12
W31794,17
W31795,6
W31796,7
W31797,6
W31798,14
W31799,14
W31800,19
W31801,13
W31802,13
W31803,2
W31804,13
W31805,7
W31806,3
W31807,13
W31808,15
W31809,13
W31810,11
W31811,17
W31812,13
W31813,14
W31814,2
W31815,11
W31816,13
W31817,13
W31818,2
W31819,2
W31820,16
W31821,14
W31822,10
W31823,16
W31824,13
W31825,10
W31826,16
W31827,2
W31828,14
W31829,12
W31830,9
W31831,2
W31832,2
W31834,2
W31835,6
W31836,13
W31837,14
W31838,2
W31839,5
W31840,16
W31841,6
W31842,13
W31845,14
W31846,5
W31847,5
W31849,2
W31850,4
W31851,2
W31854,10
W31855,5
W31856,13
W31857,13
W31858,2
W31859,12
W31860,12
W31861,15
W31864,13
W31865,13
W31866,13
W31868,13
W31870,10
W31871,14
W31872,13
W36865,7
W36866,13
W36867,9
W36868,14
W36869,1
W36871,3
W36873,13
W36874,13
W36875,15
W36876,2
W36877,13
W36878,5
W36879,14
W36881,3
W36882,6
W36883,2
W36884,19
W36885,15
W36886,12
W36887,7
W36889,2
W36890,8
W36891,14
W36892,14
W36893,8
W36894,5
W36895,14
W36897,2
W36898,3
W36899,9
W36900,5
W36901,3
W36902,5
W36903,14
W36905,2
W36906,2
W36907,14
W36908,16
W36909,9
W36910,16
W36911,15
W36912,10
W36913,3
W36914,14
W36915,8
W36916,14
W36917,15
W36918,16
W36919,5
W36920,14
W36921,16
W36922,4
W36923,2
W36924,13
W36925,14
W36926,13
W36927,5
W36928,13
W36929,7
W36930,15
W36931,6
W36932,16
W36933,15
W36934,12
W36935,6
W36936,13
W36939,14
W36940,16
W36941,14
W36942,14
W36943,2
W36944,6
W36945,6
W36946,13
W36947,14
W36948,16
W36949,2
W36950,2
W36951,5
W36952,2
W36953,5
W36954,1
W36955,13
W36956,14
W36957,14
W36958,16
W36959,1
W36960,6
W36961,14
W36962,14
W36963,15
W36964,13
W36966,15
W36967,1
W36969,8
W36970,15
W36971,14
W36972,10
W36973,9
W36974,4
W36975,15
W36976,4
W36977,11
W36978,2
W36979,14
W36980,14
W36981,8
W36982,13
W36983,6
W36984,13
W36985,4
W36987,13
W36990,15
W36991,13
W36992,4
W36993,2
W36994,16
W36995,2
W36996,5
W36997,2
W36998,5
W36999,10
W37000,13
W37001,13
W37003,8
W37004,16
W37005,13
W37006,7
W37008,4
W37009,13
W37010,6
W37011,2
W37012,14
W37013,16
W37014,2
W37015,13
W37016,14
W37017,6
W37018,2
W37019,2
W37020,2
W37022,8
W37023,2
W37024,4
W37025,14
W37026,17
W37027,5
W37028,13
W37029,7
W37030,3
W37031,5
W37032,13
W37034,8
W37035,6
W37036,5
W37037,5
W37038,11
W37039,5
W37040,15
W37041,2
W37042,2
W37043,15
W37044,15
W37045,13
W37046,14
W37047,14
W37048,14
W37049,5
W37050,7
W37051,3
W37052,2
W37053,7
W37054,1
W37055,14
W37056,2
W37057,15
W37058,13
W37059,4
W37060,13
W37061,6
W37063,9
W37065,3
W37066,6
W37067,1
W37068,4
W37069,13
W37070,9
W37072,7
W37073,14
W37074,13
W37075,13
W37076,19
W37077,10
W37078,9
W37079,5
W37080,16
W37081,14
W37082,15
W37083,2
W37084,3
W37085,13
W37086,6
W37087,4
W37088,3
W37089,16
W37090,9
W37091,9
W37092,12
W37093,7
W37094,16
W37095,6
W37096,13
W37097,17
W37098,14
W37099,3
W37100,16
W37101,13
W37102,14
W37103,3
W37104,14
W37105,16
W37106,2
W37107,18
W37108,7
W37109,7
W37110,5
W37111,16
W37112,2
W37113,5
W37114,13
W37115,6
W37116,14
W37117,12
W37118,13
W37119,5
W37120,2
W37121,2
W37122,14
W37123,16
W37124,14
W37125,1
W37126,11
W37127,1
W37128,13
W37130,3
W37131,5
W37132,16
W37133,16
W37134,6
W37135,1
W37137,14
W37138,16
W37139,2
W37140,10
W37141,5
W37142,14
W37143,2
W37144,6
W37145,5
W37146,1
W37147,5
W37148,15
W37149,19
W37150,10
W37151,2
W37152,5
W37153,7
W37154,6
W37155,11
W37156,4
W37157,15
W37158,3
W37159,2
W37161,7
W37162,1
W37163,7
W37164,5
W37165,3
W37166,3
W37167,13
W37168,3
W37169,15
W37170,15
W37171,4
W37172,14
W37173,2
W37174,2
W37175,16
W37176,13
W37177,14
W37178,5
W37179,16
W37180,14
W37181,16
W37182,8
W37183,7
W37184,8
W37185,14
W37186,10
W37187,5
W37188,10
W37190,3
W37191,13
W37192,14
W37193,3
W37194,2
W37195,2
W37196,14
W37197,2
W37198,6
W37199,4
W37200,15
W37201,13
W37202,6
W37203,12
W37204,16
W37205,14
W37206,15
W37207,13
W37208,2
W37209,14
W37210,14
W37211,12
W37212,10
W37213,7
W37215,2
W37216,4
W37217,3
W37218,16
W37219,5
W37220,2
W37221,3
W37223,2
W37224,14
W37225,14
W37226,8
W37227,5
W37228,7
W37229,7
W37230,16
W37231,2
W37232,13
W37233,5
W37234,5
W37235,14
W37236,6
W37237,14
W37238,7
W37239,2
W37240,13
W37241,2
W37242,14
W37243,2
W37244,15
W37245,3
W37246,5
W37247,10
W37248,6
W37249,15
W37250,1
W37251,4
W37252,12
W37253,4
W37258,13
W37259,6
W37260,3
W37261,8
W37262,6
W37264,3
W37265,3
W37266,4
W37267,16
W37268,7
W37269,3
W37270,15
W37273,10
W37274,12
W37275,3
W37276,3
W37277,14
W37278,9
W37279,12
W37280,15
W37281,15
W37282,2
W37283,14
W37284,4
W37285,3
W37286,14
W37288,14
W37289,8
W37290,16
W37291,10
W37292,2
W37293,2
W37294,3
W37295,9
W37296,15
W37297,14
W37298,5
W37300,14
W37301,2
W37302,13
W37303,14
W37304,14
W37305,14
W37306,2
W37307,2
W37308,13
W37309,6
W37310,7
W37311,7
W37312,13
W37313,3
W37314,3
W37315,14
W37317,2
W37318,2
W37319,8
W37320,7
W37322,16
W37323,5
W37324,14
W37325,2
W37326,14
W37327,8
W37328,7
W37329,19
W37330,14
W37331,12
W37332,13
W37334,12
W37335,13
W37336,4
W37337,14
W37338,2
W37339,5
W37340,11
W37341,16
W37342,3
W37343,11
W37344,3
W37345,4
W37346,3
W37347,6
W37348,15
W37349,17
W37350,14
W37353,4
W37354,9
W37355,7
W37356,7
W37357,14
W37358,13
W37361,4
W37362,13
W37363,14
W37364,3
W37365,2
W37366,3
W37367,14
W37369,6
W37371,2
W37372,10
W37373,13
W37374,5
W37375,7
W37376,13
W37377,3
W37378,2
W37379,14
W37380,3
W37381,2
W37382,10
W37384,13
W37385,14
W37386,4
W37387,5
W37388,18
W37389,2
W37390,14
W37391,3
W37392,13
W37393,5
W37394,12
W37395,5
W37396,2
W37397,7
W37398,5
W37399,16
W37401,15
W37402,14
W37403,5
W37405,16
W37406,2
W37407,2
W37409,6
W37410,2
W37411,5
W37412,14
W37413,2
W37414,3
W37415,5
W37417,16
W37418,10
W37419,14
W37420,1
W37421,2
W37422,3
W37424,15
W37425,7
W37426,4
W37427,7
W37428,5
W37429,2
W37430,13
W37431,14
W37432,15
W37433,2
W37434,14
W37435,6
W37436,12
W37437,2
W37439,19
W37442,6
W37443,14
W37446,6
W37449,17
W37450,6
W37451,6
W37452,9
W37453,3
W37454,14
W37455,6
W37456,15
W37457,15
W37458,13
W37459,3
W37460,16
W37461,7
W37462,3
W37463,13
W37465,3
W37466,14
W37467,14
W37468,8
W37469,16
W37470,14
W37471,17
W37473,3
W37474,5
W37475,10
W37476,16
W37477,2
W37478,14
W37479,6
W37480,14
W37481,13
W37482,5
W37483,10
W37484,7
W37485,2
W37486,2
W37487,2
W37488,14
W37489,7
W37490,8
W37491,14
W37492,2
W37493,2
W37494,14
W37496,13
W37497,7
W37498,4
W37499,13
W37500,13
W37501,5
W37502,2
W37503,18
W37504,15
W37505,5
W37506,7
W37507,2
W37508,13
W37509,14
W37510,6
W37511,5
W37512,4
W37514,13
W37515,7
W37516,5
W37517,5
W37518,10
W37519,16
W37520,2
W37521,14
W37522,3
W37523,2
W37524,10
W37525,16
W37526,8
W37527,6
W37528,15
W37529,5
W37530,10
W37531,7
W37532,14
W37533,19
W37534,2
W37535,15
W37537,3
W37538,6
W37539,1
W37540,2
W37541,3
W37542,4
W37545,6
W37546,13
W37548,3
W37549,5
W37551,14
W37552,13
W37553,13
W37554,3
W37555,4
W37557,7
W37558,10
W37559,11
W37561,3
W37562,13
W37563,2
W37564,13
W37565,2
W37566,4
W37567,10
W37568,16
W37569,14
W37570,16
W37572,10
W37573,2
W37574,2
W37575,6
W37577,3
W37578,14
W37579,14
W37580,15
W37581,10
W37582,13
W37583,3
W37584,7
W37585,13
W37586,2
W37587,14
W37588,14
W37589,15
W37591,4
W37593,15
W37594,14
W37595,10
W37596,13
W37597,16
W37599,8
W37601,13
W37602,5
W37603,6
W37604,14
W37605,2
W37606,6
W37607,3
W37608,14
W37609,7
W37610,7
W37611,14
W37612,5
W37613,13
W37614,2
W37615,16
W37617,12
W37618,14
W37619,8
W37620,4
W37621,3
W37622,2
W37624,14
W37625,7
W37626,19
W37627,7
W37628,10
W37629,13
W37630,2
W37631,2
W37633,3
W37634,3
W37635,6
W37642,7
W37644,8
W37650,2
W37651,1
W37653,9
W37654,13
W37657,15
W37658,6
W37660,13
W37661,3
W37663,16
W37664,14
W37665,5
W37666,7
W37667,13
W37668,4
W37669,13
W37670,2
W37673,15
W37674,7
W37675,3
W37676,10
W37680,13
W37682,3
W37683,1
W37684,13
W37685,13
W37686,7
W37687,16
W37689,14
W37691,3
W37692,2
W37693,1
W37694,13
W37696,15
W37698,8
W37699,2
W37700,14
W37701,14
W37702,14
W37704,9
W37706,14
W37707,14
W37708,2
W37709,7
W37710,2
W37711,16
W37712,10
W37713,6
W37714,2
W37715,15
W37716,14
W37717,15
W37718,3
W37719,12
W37720,2
W37721,13
W37722,13
W37723,7
W37724,6
W37725,5
W37726,2
W37727,19
W37728,14
W37729,12
W37730,2
W37731,16
W37737,4
W37738,6
W37739,13
W37745,4
W37746,2
W37747,4
W37748,15
W37753,1
W37754,15
W37756,13
W37758,15
W37759,3
W37761,6
W37762,12
W37763,12
W37764,13
W37765,5
W37766,16
W37769,6
W37770,13
W37771,2
W37772,14
W37776,3
W37777,14
W37778,8
W37779,2
W37780,9
W37781,4
W37782,3
W37786,3
W37788,14
W37790,2
W37793,10
W37794,16
W37795,6
W37796,14
W37797,16
W37798,5
W37799,10
W37800,16
W37801,12
W37802,11
W37803,15
W37804,2
W37805,13
W37806,7
W37807,13
W37809,13
W37811,2
W37812,6
W37813,14
W37817,5
W37818,16
W37819,5
W37820,6
W37821,18
W37822,14
W37825,14
W37826,13
W37828,15
W37830,2
W37833,2
W37835,13
W37838,3
W37841,2
W37842,15
W37843,12
W37844,7
W37847,3
W37848,4
W37849,15
W37850,14
W37851,4
W37852,4
W37853,13
W37854,9
W37857,12
W37858,2
W37859,4
W37860,9
W37861,16
W37863,16
W37864,2
W37865,2
W37866,16
W37867,7
W37868,14
W37870,14
W37872,14
W37873,5
W37874,5
W37875,3
W37876,3
W37878,2
W37879,18
W37880,14
W37881,3
W37882,14
W37883,14
W37885,12
W37886,14
W37887,4
W37888,3
W37889,14
W37890,7
W37891,5
W37892,12
W37893,2
W37894,15
W37895,14
W37896,3
W37898,14
W37899,2
W37900,3
W37901,2
W37902,16
W37903,7
W37904,2
W37906,10
W37907,7
W37908,5
W37909,5
W37910,13
W37913,6
W37914,7
W37915,3
W37916,10
W37917,5
W37918,5
W37919,1
W37921,13
W37922,15
W37923,3
W37924,6
W37929,14
W37930,11
W37935,3
W37937,3
W37938,3
W37939,16
W37940,3
W37941,9
W37942,14
W37943,12
W37945,9
W37946,14
W37948,14
W37951,8
W37952,5
W37953,15
W37954,15
W37955,3
W37956,16
W37957,15
W37959,4
W37960,3
W37961,8
W37962,15
W37963,14
W37964,5
W37965,3
W37967,4
W37969,2
W37970,8
W37971,7
W37972,10
W37974,15
W37975,14
W37977,13
W37978,3
W37979,7
W37980,2
W37982,13
W37983,2
W37984,10
W37985,2
W37986,2
W37988,2
W37989,12
W37990,14
W37991,1
W37992,14
W37993,14
W37994,2
W37995,14
W37996,16
W37997,14
W38000,8
W38001,16
W38002,16
W38003,2
W38004,8
W38005,5
W38006,6
W38007,19
W38008,15
W38009,13
W38010,5
W38011,14
W38012,5
W38013,6
W38014,16
W38017,3
W38018,15
W38019,7
W38020,7
W38021,10
W38022,14
W38023,3
W38025,4
W38026,13
W38027,15
W38028,11
W38030,17
W38031,4
W38032,6
W38033,3
W38034,3
W38035,7
W38036,8
W38037,6
W38038,11
W38039,16
W38040,3
W38041,14
W38042,4
W38043,4
W38044,11
W38045,3
W38046,14
W38047,15
W38048,3
W38049,10
W38050,6
W38051,2
W38052,16
W38053,15
W38054,7
W38055,3
W38056,10
W38057,3
W38058,14
W38059,7
W38060,6
W38061,10
W38062,10
W38063,3
W38064,7
W38065,2
W38066,4
W38067,7
W38068,13
W38069,6
W38070,15
W38071,8
W38072,10
W38073,4
W38074,4
W38075,3
W38076,7
W38077,2
W38078,16
W38079,3
W38080,3
W38081,6
W38082,6
W38083,7
W38084,4
W38085,16
W38086,2
W38087,13
W38088,10
W38090,3
W38091,3
W38092,10
W38093,6
W38094,14
W38095,15
W38096,7
W38097,13
W38098,14
W38100,14
W38101,14
W38102,2
W38103,16
W38104,7
W38105,14
W38106,10
W38107,14
W38108,6
W38109,14
W38110,16
W38111,2
W38112,10
W38113,16
W38114,14
W38115,14
W38116,5
W38117,12
W38118,4
W38119,3
W38121,13
W38123,2
W38124,4
W38125,4
W38126,3
W38127,3
W38128,13
W38129,12
W38130,14
W38131,16
W38132,3
W38133,5
W38134,6
W38135,7
W38136,4
W38137,4
W38138,5
W38140,14
W38141,14
W38142,2
W38143,12
W38144,3
W38145,5
W38146,2
W38147,2
W38148,16
W38149,7
W38150,5
W38151,2
W38152,7
W38153,3
W38154,4
W38155,2
W38156,5
W38157,10
W38158,1
W38159,10
W38160,11
W38161,16
W38162,2
W38163,2
W38164,2
W38165,5
W38166,5
W38167,14
W38168,14
W38169,16
W38170,10
W38171,14
W38172,14
W38173,4
W38175,2
W38176,6
W38177,2
W38178,19
W38180,16
W38181,1
W38182,13
W38183,3
W38184,15
W38185,3
W38186,5
W38187,2
W38188,2
W38189,16
W38190,4
W38191,12
W38192,3
W38193,12
W38194,14
W38195,15
W38196,14
W38197,10
W38198,6
W38199,12
W38200,2
W38201,3
W38202,4
W38203,7
W38204,4
W38205,15
W38206,2
W38207,7
W38208,14
W38209,3
W38210,13
W38211,3
W38212,15
W38213,15
W38214,13
W38215,14
W38217,4
W38218,14
W38219,6
W38220,3
W38221,14
W38222,8
W38223,8
W38224,7
W38225,15
W38226,15
W38227,13
W38228,16
W38229,6
W38230,3
W38231,2
W38232,13
W38233,3
W38234,3
W38235,13
W38236,11
W38237,10
W38238,4
W38239,2
W38240,7
W38241,7
W38242,6
W38243,3
W38244,16
W38245,7
W38246,14
W38247,3
W38248,6
W38249,9
W38250,12
W38251,3
W38252,14
W38253,10
W38254,4
W38255,7
W38256,6
W38257,14
W38258,14
W38259,4
W38260,3
W38261,3
W38262,2
W38263,16
W38264,3
W38266,7
W38267,18
W38268,6
W38269,13
W38270,4
W38271,10
W38272,6
W38273,2
W38274,12
W38275,1
W38276,4
W38277,13
W38278,14
W38279,14
W38280,13
W38282,3
W38283,3
W38284,16
W38285,15
W38286,14
W38287,3
W38288,6
W38289,2
W38290,10
W38291,14
W38292,5
W38293,4
W38294,15
W38295,13
W38296,15
W38297,13
W38298,14
W38299,12
W38300,16
W38301,13
W38302,6
W38303,15
W38304,4
W38305,14
W38306,13
W38307,15
W38308,3
W38309,10
W38310,13
W38311,4
W38313,8
W38314,3
W38315,14
W38316,15
W38318,16
W38319,15
W38320,9
W38321,16
W38322,12
W38323,10
W38324,14
W38326,14
W38327,14
W38328,7
W38329,15
W38330,17
W38331,2
W38332,14
W38333,14
W38334,4
W38335,6
W38336,15
W38337,2
W38338,2
W38339,5
W38340,2
W38341,2
W38342,14
W38343,2
W38344,14
W38345,15
W38346,5
W38347,6
W38348,13
W38349,6
W38350,13
W38351,5
W38352,15
W38353,3
W38354,10
W38355,2
W38356,14
W38357,2
W38358,14
W38359,2
W38360,2
W38361,2
W38362,5
W38363,14
W38364,1
W38365,5
W38366,4
W38367,2
W38368,10
W38369,2
W38370,2
W38372,7
W38373,2
W38374,7
W38375,1
W38376,7
W38377,9
W38379,2
W38380,17
W38381,14
W38382,14
W38383,13
W38384,7
W38385,16
W38386,2
W38387,2
W38388,7
W38389,6
W38390,14
W38391,4
W38392,6
W38393,2
W38394,4
W38395,1
W38396,5
W38397,19
W38398,8
W38399,4
W38400,6
W38401,13
W38402,6
W38403,13
W38404,7
W38405,3
W38406,3
W38407,13
W38409,3
W38410,15
W38411,14
W38412,6
W38413,10
W38414,16
W38415,4
W38416,14
W38417,14
W38418,10
W38419,3
W38420,10
W38421,14
W38422,3
W38423,4
W38424,19
W38425,14
W38426,3
W38427,15
W38428,15
W38429,10
W38430,15
W38431,15
W38433,14
W38434,13
W38435,16
W38436,14
W38437,4
W38438,14
W38439,9
W38440,3
W38441,14
W38443,3
W38444,10
W38445,16
W38446,16
W38447,13
W38448,1
W38449,6
W38450,2
W38451,14
W38452,2
W38453,14
W38454,5
W38455,2
W38456,9
W38457,13
W38458,2
W38459,3
W38460,16
W38461,13
W38462,14
W38463,4
W38464,3
W38465,6
W38466,7
W38467,10
W38468,4
W38469,2
W38470,16
W38471,12
W38472,19
W38474,7
W38475,13
W38477,4
W38478,7
W38480,4
W38481,12
W38482,5
W38483,2
W38484,2
W38485,9
W38486,1
W38487,11
W38488,3
W38489,14
W38491,16
W38492,2
W38493,5
W38494,14
W38495,15
W38496,9
W38497,9
W38498,14
W38500,2
W38501,4
W38502,5
W38503,4
W38505,3
W38506,16
W38507,2
W38509,16
W38510,2
W38512,13
W38515,2
W38516,6
W38517,6
W38519,14
W38521,2
W38522,2
W38523,8
W38524,8
W38525,14
W38526,14
W38527,1
W38528,4
W38529,7
W38530,16
W38531,16
W38532,14
W38533,3
W38534,2
W38535,16
W38536,17
W38537,6
W38538,2
W38539,14
W38540,16
W38541,7
W38543,2
W38544,3
W38545,2
W38546,6
W38547,6
W38548,6
W38549,10
W38550,12
W38551,12
W38552,4
W38553,2
W38554,4
W38555,2
W38556,14
W38558,3
W38559,6
W38560,3
W38561,10
W38563,2
W38564,14
W38565,16
W38567,18
W38568,13
W38569,6
W38570,14
W38571,13
W38572,2
W38573,2
W38575,5
W38576,10
W38577,5
W38578,14
W38579,13
W38580,14
W38581,16
W38582,2
W38583,10
W38584,4
W38585,16
W38586,6
W38587,15
W38588,14
W38589,12
W38590,7
W38591,10
W38592,15
W38593,3
W38594,15
W38595,3
W38596,9
W38597,2
W38598,7
W38599,3
W38601,13
W38602,16
W38603,13
W38604,2
W38605,15
W38606,7
W38607,6
W38608,5
W38609,13
W38610,10
W38611,9
W38612,13
W38613,13
W38614,12
W38615,5
W38616,13
W38617,15
W38618,14
W38619,10
W38620,15
W38622,4
W38623,5
W38624,8
W38625,13
W38626,7
W38627,14
W38628,14
W38629,2
W38630,6
W38631,2
W38632,13
W38633,7
W38634,16
W38636,14
W38637,3
W38638,16
W38639,19
W38640,10
W38643,12
W38644,10
W38645,13
W38646,1
W38647,16
W38648,6
W38649,14
W38650,2
W38651,14
W38652,10
W38653,14
W38654,16
W38655,9
W38656,3
W38657,3
W38659,14
W38660,2
W38662,12
W38663,9
W38664,1
W38666,3
W38668,5
W38669,2
W38670,8
W38672,2
W38673,16
W38674,5
W38675,10
W38676,13
W38677,16
W38678,14
W38679,2
W38680,5
W38681,15
W38682,7
W38683,15
W38684,5
W38685,6
W38686,5
W38687,2
W38688,3
W38689,15
W38690,7
W38691,3
W38692,15
W38693,16
W38694,6
W38695,7
W38697,6
W38698,6
W38699,10
W38700,4
W38701,13
W38702,14
W38703,13
W38704,3
W38705,6
W38707,8
W38709,14
W38710,2
W38711,9
W38712,6
W38713,15
W38714,13
W38715,3
W38716,16
W38717,2
W38718,9
W38719,14
W38720,3
W38721,14
W38722,14
W38723,16
W38724,14
W38726,9
W38727,3
W38728,13
W38729,10
W38730,14
W38732,3
W38733,6
W38734,14
W38735,4
W38736,3
W38737,2
W38738,2
W38739,14
W38740,2
W38741,8
W38742,10
W38744,10
W38745,14
W38747,10
W38748,16
W38750,10
W38751,10
W38752,13
W38753,16
W38754,2
W38755,16
W38756,2
W38757,14
W38758,11
W38759,14
W38760,11
W38761,14
W38765,13
W38767,2
W38768,2
W38769,16
W38770,2
W38771,2
W38772,14
W38773,5
W38774,2
W38775,7
W38776,9
W38777,2
W38778,10
W38779,7
W38781,6
W38782,15
W38783,5
W38784,5
W38785,15
W38786,14
W38788,8
W38789,14
W38790,15
W38791,4
W38793,14
W38794,13
W38795,6
W38796,4
W38797,13
W38798,4
W38799,9
W38800,3
W38801,8
W38802,8
W38803,15
W38804,2
W38805,12
W38806,3
W38807,15
W38808,15
W38809,9
W38810,3
W38811,10
W38812,15
W38813,16
W38814,4
W38815,3
W38816,14
W38818,3
W38819,16
W38820,6
W38821,5
W38822,13
W38823,13
W38824,11
W38825,13
W38826,8
W38827,2
W38828,13
W38829,13
W38830,8
W38831,8
W38832,15
W38833,14
W38834,14
W38835,19
W38836,6
W38837,5
W38838,15
W38839,7
W38840,15
W38841,15
W38843,6
W38845,12
W38846,2
W38847,13
W38848,3
W38849,4
W38850,14
W38851,10
W38852,16
W38853,15
W38854,6
W38855,13
W38856,19
W38858,15
W38859,6
W38860,2
W38861,15
W38862,3
W38863,13
W38864,6
W38865,13
W38866,9
W38867,10
W38868,10
W38869,14
W38870,2
W38871,6
W38872,10
W38873,7
W38874,6
W38875,14
W38876,2
W38877,2
W38878,7
W38879,5
W38880,13
W38881,13
W38882,14
W38883,3
W38884,13
W38886,4
W38887,3
W38889,2
W38890,15
W38891,7
W38892,1
W38893,15
W38894,2
W38895,13
W38896,8
W38897,9
W38898,19
W38899,11
W38900,8
W38901,17
W38902,13
W38903,13
W38904,13
W38905,3
W38906,12
W38907,16
W38908,10
W38909,15
W38910,7
W38911,13
W38912,13
W38913,14
W38914,16
W38915,3
W38916,7
W38917,13
W38918,13
W38919,3
W38920,1
W38921,14
W38922,15
W38923,10
W38924,15
W38925,4
W38926,9
W38927,14
W38928,9
W38929,13
W38930,10
W38931,9
W38932,5
W38933,2
W38934,7
W38935,13
W38937,6
W38938,7
W38939,10
W38940,7
W38941,10
W38942,3
W38943,5
W38944,10
W38945,6
W38946,19
W38947,8
W38948,4
W38949,14
W38950,16
W38951,14
W38952,10
W38953,10
W38954,13
W38955,7
W38956,15
W38957,10
W38958,15
W38959,15
W38960,14
W38961,5
W38962,13
W38963,9
W38964,7
W38965,14
W38966,6
W38967,2
W38968,8
W38969,7
W38970,5
W38971,7
W38972,13
W38973,7
W38974,5
W38975,8
W38976,2
W38977,2
W38978,4
W38979,14
W38980,15
W38981,13
W38982,3
W38983,2
W38985,5
W38987,13
W38989,3
W38990,6
W38991,8
W38992,6
W38993,15
W38994,2
W38996,5
W38997,6
W38998,9
W38999,8
W39000,15
W39001,13
W39002,10
W39003,15
W39004,15
W39005,2
W39006,13
W39007,14
W39008,9
W39009,2
W39010,3
W39011,17
W39012,16
W39013,13
W39015,6
W39017,13
W39018,10
W39019,13
W39020,13
W39021,2
W39022,6
W39023,15
W39024,14
W39025,14
W39026,13
W39027,14
W39028,6
W39029,13
W39030,17
W39031,2
W39032,6
W39033,7
W39034,10
W39035,10
W39036,6
W39037,15
W39038,15
W39039,6
W39040,4
W39041,8
W39042,6
W39043,13
W39044,13
W39045,5
W39047,10
W39048,10
W39050,10
W39051,2
W39052,11
W39053,16
W39054,14
W39055,5
W39056,10
W39057,6
W39058,2
W39059,10
W39060,15
W39061,16
W39062,6
W39063,19
W39064,10
W39065,15
W39066,13
W39067,5
W39068,7
W39069,4
W39070,7
W39071,3
W39072,19
W39073,13
W39074,13
W39075,13
W39076,3
W39077,1
W39078,15
W39079,8
W39081,7
W39082,7
W39083,13
W39084,13
W39085,5
W39087,6
W39088,15
W39089,13
W39090,14
W39091,10
W39092,13
W39093,7
W39094,15
W39095,8
W39096,9
W39097,4
W39098,17
W39099,2
W39100,14
W39101,15
W39103,14
W39104,6
W39105,6
W39106,10
W39107,6
W39109,13
W39110,6
W39111,12
W39112,3
W39113,13
W39114,13
W39115,16
W39116,10
W39117,16
W39118,13
W39119,5
W39120,2
W39121,9
W39122,16
W39123,8
W39124,11
W39125,13
W39126,10
W39127,5
W39128,15
W39129,13
W39130,9
W39131,14
W39134,13
W39135,14
W39137,15
W39138,15
W39139,10
W39140,15
W39141,16
W39142,6
W39143,2
W39144,13
W39145,5
W39146,7
W39147,19
W39148,6
W39149,13
W39150,2
W39151,11
W39152,7
W39153,13
W39154,2
W39155,14
W39156,13
W39157,8
W39158,13
W39159,7
W39160,10
W39161,10
W39162,14
W39163,16
W39164,2
W39165,13
W39166,7
W39167,15
W39168,3
